year,country_id,country_name,population,gdp,gdp_per_capita,stability,democracy,corruption,unemployment,net_migration,birth_rate,death_rate,inflation,resource_reserve_index
1,0,Narnia,2156657,387237092.29,179.55,76.99,49.25,26.08,8.23,-12653,0.0229,0.0083,0.0412,0.03
1,1,Quartz Valley,4298675,1611127029.94,374.80,75.49,36.73,92.47,1.85,-34209,0.0118,0.0296,0.0203,0.06
1,2,Praetoria,19718630,3517774066.43,178.40,65.59,37.46,19.95,23.14,-139645,0.0190,0.0195,0.0588,0.26
1,3,Jadestone,439908512,95475729858.32,217.04,63.32,56.62,2.62,14.62,-1765032,0.0228,0.0224,0.0290,0.96
1,4,Underdark,4799634,578554654.22,120.54,51.02,34.37,92.87,23.78,-96011,0.0124,0.0278,0.0350,0.03
1,5,Gondolin,83616396,24665090155.30,294.98,24.07,80.08,24.26,9.68,-394736,0.0052,0.0155,0.0442,0.21
1,6,Borealis,63277864,13049914891.84,206.23,74.37,62.55,89.76,6.89,-318169,0.0212,0.0214,0.0162,0.16
1,7,Valhalla,87040357,9332395319.00,107.22,60.60,30.78,14.92,19.38,-677613,0.0207,0.0091,0.0267,0.73
1,8,Midgard,47194453,4194047426.72,88.87,46.73,50.57,80.39,23.94,-606655,0.0132,0.0119,0.0361,0.23
1,9,Zul'Gurub,539124,158705793.95,294.38,28.32,21.37,27.91,18.44,-6395,0.0084,0.0150,0.0249,0.03
1,10,Blackrock,37635566,11753591726.14,312.30,49.36,36.73,74.98,17.24,-435728,0.0104,0.0099,0.0285,0.08
1,11,Ys,27617557,12059007434.10,436.64,64.21,59.11,94.40,6.28,-220595,0.0230,0.0088,0.0190,0.48
1,12,Kestrel,3398737,1008216529.13,296.64,62.44,74.00,16.91,10.55,-7118,0.0208,0.0183,0.0248,0.06
1,13,Phoenix Rise,46001864,20858667688.30,453.43,57.06,29.64,11.66,6.65,-210708,0.0185,0.0240,0.0306,0.62
1,14,Pandora,4085255,1772332043.60,433.84,24.13,57.14,86.44,11.66,-83317,0.0067,0.0108,0.0172,0.04
1,15,Oz,29800167,8012229330.74,268.87,59.05,27.47,95.82,3.27,-268160,0.0196,0.0299,0.0255,0.11
1,16,Abyssinia,1432778,458512516.96,320.02,27.67,34.70,13.66,7.79,-12753,0.0105,0.0094,0.0360,0.11
1,17,Etherea,509520,59982986.11,117.72,22.37,21.89,95.87,13.69,-4174,0.0071,0.0151,0.0195,0.03
1,18,Hearthfire,84113774,27016519161.88,321.19,46.29,35.38,25.80,8.95,-627118,0.0100,0.0309,0.0191,0.86
1,19,Emberfall,175825645,47420509450.84,269.70,21.81,24.56,67.94,24.43,-3601116,0.0059,0.0211,0.0215,0.48
1,20,Quartermaster,11527241,2554965948.29,221.65,55.84,53.34,22.26,6.16,-66314,0.0201,0.0155,0.0169,0.47
1,21,Icelandia,1963078,370113448.42,188.54,35.53,60.18,8.79,21.39,-8615,0.0073,0.0185,0.0338,0.11
1,22,Utopia,2348154,844302034.74,359.56,48.98,76.50,27.02,8.97,-2375,0.0068,0.0135,0.0302,0.19
1,23,Aurum,41662576,10806970747.77,259.39,29.05,56.13,81.79,21.25,-414893,0.0119,0.0228,0.0248,0.52
1,24,Highlands,763787,95974279.66,125.66,49.58,31.25,36.16,9.62,-6094,0.0145,0.0176,0.0331,0.10
1,25,Ironhold,678616,169006271.53,249.05,73.46,77.88,28.49,6.88,-697,0.0096,0.0184,0.0403,0.11
1,26,Valoria,20034215,6313887842.97,315.16,61.30,49.65,2.83,1.93,-103629,0.0152,0.0075,0.0149,0.49
1,27,Lorien,1406472,326648348.82,232.25,78.37,66.76,18.78,11.35,-1585,0.0155,0.0180,0.0119,0.17
1,28,Glimmerhold,882506,231173646.94,261.95,58.23,67.10,18.88,24.20,-1969,0.0126,0.0330,0.0165,0.04
1,29,Freeport,122895883,32959452322.11,268.19,60.23,30.11,8.82,11.19,-938828,0.0145,0.0262,0.0257,0.43
1,30,Lunar Isle,28961813,3731907408.87,128.86,34.95,66.70,82.76,26.87,-572219,0.0069,0.0289,0.0236,0.14
1,31,Silverleaf,80842921,23663997220.28,292.72,46.07,70.13,6.29,22.44,-102087,0.0101,0.0112,0.0226,0.32
1,32,El Dorado,1441020,291840056.16,202.52,27.91,20.28,91.52,23.74,-30121,0.0075,0.0115,0.0277,0.12
1,33,Skara Brae,4400160,1900619940.44,431.94,64.35,23.86,21.39,18.66,-28166,0.0205,0.0100,0.0286,0.26
1,34,Yonderland,111044046,22269220693.66,200.54,24.94,37.10,2.83,18.75,-725009,0.0102,0.0331,0.0208,1.70
1,35,Krynn,95121473,31244265792.00,328.47,30.84,78.69,15.42,23.43,-457600,0.0086,0.0158,0.0209,0.20
1,36,Thunder Bay,762697,246661733.46,323.41,53.00,43.26,57.80,15.77,-7761,0.0186,0.0321,0.0278,0.25
1,37,Xenon,135134147,27391319049.36,202.70,30.07,77.38,0.75,25.78,-196459,0.0080,0.0156,0.0387,0.62
1,38,Verdant Plains,445029031,104472352071.97,234.75,75.84,26.33,94.60,9.60,-4988063,0.0290,0.0234,0.0285,1.89
1,39,Yggdrasil's Root,1417311,333008104.84,234.96,50.58,22.29,17.06,10.27,-10543,0.0166,0.0136,0.0197,0.03
1,40,Dunland,4024583,1685111200.40,418.70,50.59,77.95,51.90,24.05,-29578,0.0145,0.0200,0.0288,0.28
1,41,Karn,2238276,849459692.20,379.52,47.22,63.24,94.40,22.93,-25729,0.0087,0.0335,0.0123,0.08
1,42,Meridia,718816,278593704.22,387.57,48.30,27.60,91.99,7.91,-14155,0.0213,0.0086,0.0264,0.04
1,43,Kingdom of Light,118058026,10309530721.72,87.33,37.46,68.71,74.93,25.51,-769629,0.0138,0.0236,0.0164,0.14
1,44,Xylos,3202031,627167056.50,195.87,73.17,49.81,29.18,7.03,-24161,0.0193,0.0130,0.0285,0.08
1,45,Northwind,15629871,4201390676.55,268.81,68.99,65.93,94.44,22.99,-166612,0.0221,0.0212,0.0302,0.10
1,46,Olympus,76770619,29756310862.62,387.60,37.84,61.90,25.90,20.05,-796455,0.0100,0.0106,0.0274,1.90
1,47,Stormhold,3580849,823850350.84,230.07,31.13,44.10,27.94,18.32,-32700,0.0124,0.0271,0.0211,0.08
1,48,Arboria,2608174,406157839.24,155.72,62.79,64.74,27.28,16.71,-16574,0.0136,0.0130,0.0248,0.03
1,49,Fjordland,2262374,534476312.41,236.25,38.06,64.61,52.35,10.98,-12599,0.0116,0.0178,0.0322,0.13
2,0,Narnia,2170457,328771795.00,151.48,67.22,49.34,25.76,8.60,-15647,0.0197,0.0225,0.0287,0.03
2,1,Quartz Valley,4272625,1521060920.60,356.00,65.45,36.34,91.63,1.58,-46725,0.0189,0.0117,0.0245,0.05
2,2,Praetoria,19797217,2974871388.27,150.27,57.79,38.00,19.76,23.08,-156199,0.0238,0.0276,0.0455,0.25
2,3,Jadestone,456854746,90337095255.36,197.74,100.00,57.01,2.58,13.84,-1864675,0.0429,0.0248,0.0335,0.91
2,4,Underdark,4671950,491060601.47,105.11,40.95,33.79,92.09,23.71,-86793,0.0111,0.0207,0.0388,0.03
2,5,Gondolin,83862208,21667832385.35,258.37,32.04,80.25,23.77,10.10,-617227,0.0144,0.0238,0.0387,0.20
2,6,Borealis,62860882,11981297218.10,190.60,62.23,61.91,88.37,7.31,-743478,0.0178,0.0242,0.0267,0.15
2,7,Valhalla,87600961,8903532746.16,101.64,54.50,31.15,14.81,19.95,-687257,0.0194,0.0211,0.0248,0.71
2,8,Midgard,46982592,3592369790.16,76.46,36.04,50.04,79.38,24.64,-449479,0.0141,0.0166,0.0276,0.22
2,9,Zul'Gurub,529814,147018501.12,277.49,20.61,21.82,27.76,19.32,-8582,0.0071,0.0265,0.0246,0.03
2,10,Blackrock,37920959,10830061282.70,285.60,41.28,36.31,74.30,18.10,-258660,0.0201,0.0186,0.0251,0.07
2,11,Ys,27840466,11207429255.61,402.56,55.07,58.94,93.01,6.29,-286730,0.0237,0.0303,0.0298,0.47
2,12,Kestrel,3380800,963634108.99,285.03,52.76,74.05,16.59,10.60,-15349,0.0106,0.0193,0.0242,0.05
2,13,Phoenix Rise,45899682,19542430962.12,425.76,56.54,29.97,11.57,6.56,-372471,0.0158,0.0108,0.0162,0.60
2,14,Pandora,3982086,1629616397.44,409.24,13.88,56.62,85.22,12.84,-95493,0.0052,0.0257,0.0253,0.04
2,15,Oz,29513783,7301764085.93,247.40,51.61,27.28,95.17,3.46,-314398,0.0174,0.0258,0.0309,0.11
2,16,Abyssinia,1415999,390361811.26,275.68,22.35,35.26,13.54,8.76,-13632,0.0053,0.0224,0.0364,0.11
2,17,Etherea,490089,55382312.15,113.00,12.05,21.26,95.36,14.63,-16876,0.0052,0.0300,0.0219,0.03
2,18,Hearthfire,83638217,24519522985.61,293.16,44.56,35.81,25.57,9.53,-888626,0.0176,0.0108,0.0232,0.83
2,19,Emberfall,171128575,42167860010.79,246.41,14.05,24.26,67.52,25.50,-3308085,0.0041,0.0309,0.0204,0.47
2,20,Quartermaster,11531928,2364753875.18,205.06,51.04,53.49,21.97,6.52,-76539,0.0160,0.0308,0.0334,0.46
2,21,Icelandia,1948046,317094719.40,162.78,28.79,60.63,8.65,22.16,-8215,0.0095,0.0242,0.0314,0.11
2,22,Utopia,2350130,781759214.08,332.65,43.42,76.98,26.50,9.84,-12539,0.0134,0.0120,0.0322,0.18
2,23,Aurum,40757687,9801137400.82,240.47,19.65,55.92,80.64,22.07,-582780,0.0057,0.0265,0.0294,0.51
2,24,Highlands,755504,86605244.88,114.63,41.51,31.18,35.88,9.78,-6220,0.0090,0.0166,0.0315,0.10
2,25,Ironhold,679911,141198711.03,207.67,64.83,78.33,27.93,6.48,-1825,0.0163,0.0212,0.0381,0.11
2,26,Valoria,20179161,6174581487.19,305.99,58.56,50.35,2.80,2.14,-101821,0.0153,0.0172,0.0262,0.47
2,27,Lorien,1406765,303728671.91,215.91,69.64,67.11,18.47,11.66,-5902,0.0141,0.0303,0.0195,0.16
2,28,Glimmerhold,881071,218860888.39,248.40,50.52,67.28,18.56,24.63,-4127,0.0189,0.0293,0.0123,0.04
2,29,Freeport,124263539,32083971242.08,258.19,62.78,30.39,8.75,11.07,-869516,0.0244,0.0234,0.0240,0.41
2,30,Lunar Isle,27874717,3290515791.33,118.05,26.80,66.57,81.38,27.72,-723636,0.0066,0.0159,0.0332,0.14
2,31,Silverleaf,82185910,21150149852.36,257.35,57.62,70.85,6.18,22.88,-281555,0.0213,0.0260,0.0331,0.31
2,32,El Dorado,1402020,265389330.15,189.29,17.23,20.05,91.06,25.20,-38773,0.0076,0.0237,0.0217,0.12
2,33,Skara Brae,4389700,1679923981.95,382.70,56.03,24.25,21.26,18.70,-36574,0.0118,0.0104,0.0212,0.25
2,34,Yonderland,110171919,21674482779.81,196.73,25.15,37.29,2.80,19.72,-793493,0.0113,0.0094,0.0193,1.66
2,35,Krynn,96486262,30863275062.72,319.87,43.19,79.31,15.12,24.28,-458267,0.0204,0.0268,0.0237,0.19
2,36,Thunder Bay,753775,227016619.18,301.17,43.45,43.21,57.17,16.24,-10936,0.0191,0.0286,0.0250,0.25
2,37,Xenon,137780261,24905497039.45,180.76,51.03,77.91,0.73,26.39,-316447,0.0220,0.0303,0.0371,0.61
2,38,Verdant Plains,436208280,87857830893.70,201.41,65.76,25.73,93.99,9.24,-5842955,0.0138,0.0082,0.0233,1.81
2,39,Yggdrasil's Root,1416079,309026531.03,218.23,42.27,22.34,16.97,11.10,-15837,0.0185,0.0226,0.0185,0.03
2,40,Dunland,4025382,1521498829.86,377.98,42.75,77.88,50.89,24.55,-25957,0.0177,0.0174,0.0334,0.27
2,41,Karn,2170452,774978106.96,357.06,36.18,62.97,92.91,23.30,-45233,0.0086,0.0098,0.0207,0.08
2,42,Meridia,721818,245615481.48,340.27,40.51,27.17,91.36,8.27,-6373,0.0197,0.0298,0.0359,0.04
2,43,Kingdom of Light,116692152,9590448659.73,82.19,31.49,68.64,73.65,26.09,-1659628,0.0155,0.0276,0.0158,0.13
2,44,Xylos,3238007,618135716.31,190.90,64.42,50.12,28.82,6.79,-21495,0.0253,0.0101,0.0275,0.08
2,45,Northwind,15501835,3979910544.66,256.74,57.78,65.55,92.89,23.57,-200450,0.0161,0.0279,0.0257,0.10
2,46,Olympus,77140430,29528023067.77,382.78,50.03,62.44,25.49,20.73,-373551,0.0109,0.0311,0.0143,1.82
2,47,Stormhold,3525263,751436246.91,213.16,23.24,44.01,27.63,19.65,-23825,0.0080,0.0233,0.0290,0.07
2,48,Arboria,2641555,383625883.06,145.23,52.54,64.72,26.83,16.44,-12906,0.0255,0.0242,0.0218,0.03
2,49,Fjordland,2233102,483573371.00,216.55,31.47,64.84,51.51,11.52,-36001,0.0145,0.0167,0.0335,0.12
3,0,Narnia,2149429,319065103.53,148.44,57.38,49.43,25.44,8.42,-16871,0.0143,0.0263,0.0279,0.03
3,1,Quartz Valley,4228612,1493314200.97,353.15,55.46,35.97,90.80,1.71,-76495,0.0137,0.0159,0.0296,0.05
3,2,Praetoria,19750002,2902783353.45,146.98,51.76,38.56,19.57,22.81,-179351,0.0244,0.0163,0.0444,0.25
3,3,Jadestone,471316230,135692698178.82,287.90,100.00,57.70,2.55,12.50,-1943896,0.0360,0.0226,0.0264,0.87
3,4,Underdark,4526123,457760892.31,101.14,30.88,33.22,91.32,24.61,-136654,0.0136,0.0219,0.0313,0.03
3,5,Gondolin,84066510,25221214118.38,300.02,40.29,80.49,23.29,10.87,-339315,0.0129,0.0121,0.0241,0.20
3,6,Borealis,62548828,11576888376.37,185.09,50.09,61.27,87.01,7.54,-635241,0.0198,0.0140,0.0289,0.15
3,7,Valhalla,87667388,8948039464.97,102.07,50.34,31.52,14.69,19.97,-645540,0.0187,0.0112,0.0289,0.70
3,8,Midgard,46335133,3355238978.85,72.41,25.24,49.52,78.40,25.27,-609980,0.0113,0.0291,0.0275,0.21
3,9,Zul'Gurub,517341,141211050.94,272.96,12.83,22.26,27.61,20.39,-7061,0.0046,0.0269,0.0164,0.03
3,10,Blackrock,37426984,10909996678.54,291.50,33.11,35.89,73.63,18.46,-411433,0.0069,0.0097,0.0257,0.07
3,11,Ys,27454317,11204452543.74,408.11,48.02,58.78,91.64,6.61,-529027,0.0203,0.0103,0.0332,0.45
3,12,Kestrel,3363922,939500944.17,279.29,45.07,74.10,16.29,10.91,-18763,0.0115,0.0202,0.0243,0.05
3,13,Phoenix Rise,45995444,21055697927.62,457.78,56.39,30.31,11.48,6.65,-331437,0.0133,0.0152,0.0234,0.59
3,14,Pandora,3898549,1542796611.04,395.74,3.60,56.11,84.02,14.74,-30137,0.0018,0.0170,0.0286,0.04
3,15,Oz,29039358,7128413036.60,245.47,44.20,27.10,94.52,3.79,-571480,0.0184,0.0186,0.0213,0.10
3,16,Abyssinia,1388264,375470567.02,270.46,16.91,35.82,13.42,9.98,-9547,0.0039,0.0131,0.0251,0.10
3,17,Etherea,461939,50500461.10,109.32,1.67,20.63,94.87,15.77,-19143,0.0005,0.0311,0.0176,0.03
3,18,Hearthfire,83829031,24837961093.68,296.29,42.67,36.29,25.34,9.88,-832552,0.0171,0.0183,0.0277,0.81
3,19,Emberfall,167292363,40370770161.79,241.32,6.12,23.96,67.12,26.98,-1427460,0.0019,0.0163,0.0193,0.46
3,20,Quartermaster,11411338,2347427832.78,205.71,46.12,53.65,21.67,6.78,-80399,0.0129,0.0285,0.0201,0.45
3,21,Icelandia,1916215,304323912.95,158.82,21.92,61.08,8.52,22.56,-12115,0.0076,0.0316,0.0357,0.10
3,22,Utopia,2359729,774721547.83,328.31,37.79,77.47,25.98,10.87,-12818,0.0166,0.0272,0.0266,0.18
3,23,Aurum,39429925,9362619552.20,237.45,10.21,55.73,79.52,22.84,-842929,0.0038,0.0157,0.0299,0.50
3,24,Highlands,750365,83471726.77,111.24,33.42,31.12,35.60,9.95,-5928,0.0127,0.0220,0.0151,0.10
3,25,Ironhold,685018,138553235.13,202.26,56.22,78.79,27.38,6.75,-2806,0.0255,0.0304,0.0380,0.10
3,26,Valoria,20499522,6322008763.28,308.40,56.07,51.05,2.76,2.08,-100296,0.0270,0.0169,0.0261,0.45
3,27,Lorien,1402665,297417048.42,212.04,60.90,67.46,18.15,11.56,-6414,0.0168,0.0255,0.0296,0.16
3,28,Glimmerhold,879383,213136603.22,242.37,42.78,67.47,18.25,25.66,-5179,0.0186,0.0127,0.0180,0.04
3,29,Freeport,125759917,35289071135.06,280.61,66.01,30.70,8.69,11.28,-959248,0.0256,0.0325,0.0269,0.40
3,30,Lunar Isle,27589331,3051798419.55,110.62,18.61,66.45,80.03,28.25,-137927,0.0062,0.0174,0.0161,0.13
3,31,Silverleaf,83184576,24117397739.63,289.93,68.46,71.68,6.07,23.37,-292865,0.0189,0.0287,0.0198,0.30
3,32,El Dorado,1352801,247311171.48,182.81,6.46,19.82,90.61,26.63,-30961,0.0018,0.0307,0.0133,0.11
3,33,Skara Brae,4369495,1660045752.70,379.92,49.60,24.63,21.13,19.26,-44525,0.0118,0.0181,0.0235,0.24
3,34,Yonderland,110148120,22737861028.66,206.43,25.42,37.50,2.78,20.97,-757529,0.0103,0.0085,0.0283,1.61
3,35,Krynn,97538873,35496275119.72,363.92,55.28,79.95,14.82,24.54,-476820,0.0175,0.0315,0.0183,0.19
3,36,Thunder Bay,745652,219038838.33,293.75,33.88,43.17,56.56,17.32,-7451,0.0143,0.0156,0.0329,0.24
3,37,Xenon,142258817,29688714146.99,208.70,69.99,78.47,0.72,26.67,-297785,0.0348,0.0296,0.0243,0.60
3,38,Verdant Plains,436768837,94515560836.95,216.40,56.34,25.13,93.40,9.54,-6571333,0.0210,0.0257,0.0265,1.74
3,39,Yggdrasil's Root,1399618,300389763.47,214.62,33.88,22.38,16.87,11.83,-14398,0.0113,0.0185,0.0309,0.03
3,40,Dunland,3958368,1490084610.22,376.44,34.86,77.82,49.90,25.28,-60058,0.0088,0.0165,0.0183,0.26
3,41,Karn,2135728,733044831.13,343.23,25.16,62.72,91.45,24.05,-39429,0.0087,0.0247,0.0123,0.07
3,42,Meridia,694199,240995092.62,347.16,32.69,26.75,90.75,8.56,-19237,0.0093,0.0300,0.0218,0.04
3,43,Kingdom of Light,113874610,9455185895.17,83.03,25.51,68.58,72.39,26.80,-1835081,0.0070,0.0170,0.0169,0.13
3,44,Xylos,3280907,614975228.58,187.44,55.70,50.43,28.46,6.78,-18722,0.0256,0.0207,0.0134,0.08
3,45,Northwind,15403497,3832980056.57,248.84,48.59,65.18,91.38,23.87,-94059,0.0154,0.0305,0.0251,0.09
3,46,Olympus,77531157,32579580926.80,420.21,61.41,63.04,25.09,20.44,-337354,0.0126,0.0246,0.0268,1.75
3,47,Stormhold,3456453,717451377.48,207.57,15.24,43.91,27.33,20.60,-36476,0.0056,0.0294,0.0233,0.07
3,48,Arboria,2638664,379999104.83,144.01,44.32,64.70,26.40,16.79,-20241,0.0213,0.0131,0.0177,0.03
3,49,Fjordland,2205018,468861275.59,212.63,24.85,65.08,50.67,11.86,-29210,0.0121,0.0254,0.0298,0.12
4,0,Narnia,2114845,305445120.22,144.43,49.53,49.51,25.13,8.44,-19444,0.0122,0.0111,0.0333,0.03
4,1,Quartz Valley,4181056,1442611225.16,345.04,47.51,35.60,90.00,2.30,-79309,0.0156,0.0325,0.0122,0.05
4,2,Praetoria,19754007,2863584014.66,144.96,45.71,39.11,19.38,22.66,-133784,0.0180,0.0151,0.0451,0.24
4,3,Jadestone,481910935,200982590766.26,417.05,100.00,58.47,2.51,11.88,-1938012,0.0267,0.0184,0.0196,0.83
4,4,Underdark,4357848,424245442.39,97.35,20.74,32.65,90.58,24.86,-126868,0.0081,0.0224,0.0393,0.03
4,5,Gondolin,84517771,28101331655.63,332.49,50.58,80.78,22.82,10.98,-438038,0.0131,0.0197,0.0242,0.19
4,6,Borealis,61617261,11170523702.66,181.29,40.01,60.65,85.70,7.75,-907315,0.0083,0.0130,0.0263,0.15
4,7,Valhalla,88170101,9051057479.76,102.65,46.15,31.90,14.57,20.38,-763032,0.0203,0.0175,0.0249,0.68
4,8,Midgard,44044124,3110826524.94,70.63,14.39,49.00,77.44,26.14,-1480032,0.0032,0.0229,0.0247,0.21
4,9,Zul'Gurub,501383,134355564.38,267.97,4.98,22.71,27.45,21.67,-8941,0.0012,0.0323,0.0222,0.03
4,10,Blackrock,36612925,10544694901.18,288.00,24.91,35.50,72.98,19.04,-908371,0.0072,0.0316,0.0198,0.07
4,11,Ys,27343913,10946652656.59,400.33,41.08,58.64,90.30,7.28,-337785,0.0143,0.0261,0.0220,0.44
4,12,Kestrel,3353175,919515338.08,274.22,37.35,74.15,15.98,11.07,-15671,0.0137,0.0212,0.0304,0.05
4,13,Phoenix Rise,46543230,21659098820.48,465.35,56.32,30.67,11.39,6.57,-348190,0.0247,0.0185,0.0165,0.58
4,14,Pandora,3802529,1447651346.73,380.71,0.00,55.61,82.85,16.22,-57507,0.0000,0.0121,0.0218,0.04
4,15,Oz,28336716,6863895807.19,242.23,36.80,26.92,93.89,3.89,-705412,0.0118,0.0219,0.0212,0.10
4,16,Abyssinia,1366782,358357678.97,262.19,11.34,36.37,13.30,11.16,-11563,0.0037,0.0320,0.0328,0.10
4,17,Etherea,436236,45210434.83,103.64,0.00,20.01,94.40,17.11,-16421,0.0000,0.0102,0.0187,0.03
4,18,Hearthfire,83786342,25786660972.38,307.77,41.35,36.79,25.11,10.60,-538676,0.0139,0.0306,0.0332,0.78
4,19,Emberfall,161007456,38347370424.42,238.17,0.00,23.68,66.72,27.95,-4738606,0.0000,0.0183,0.0281,0.45
4,20,Quartermaster,11348450,2306784664.48,203.27,41.16,53.81,21.38,7.51,-77169,0.0170,0.0142,0.0213,0.44
4,21,Icelandia,1877726,291795028.26,155.40,15.01,61.52,8.39,23.68,-7842,0.0061,0.0135,0.0243,0.10
4,22,Utopia,2341265,764084461.02,326.36,32.09,77.95,25.48,11.57,-20308,0.0154,0.0270,0.0180,0.17
4,23,Aurum,38446156,8818089784.22,229.36,0.79,55.54,78.42,23.85,-595089,0.0002,0.0236,0.0182,0.48
4,24,Highlands,738860,80717397.50,109.25,25.32,31.05,35.33,10.19,-9599,0.0122,0.0086,0.0311,0.09
4,25,Ironhold,675886,136435581.94,201.86,49.58,79.26,26.84,6.88,-3228,0.0109,0.0145,0.0303,0.10
4,26,Valoria,20522745,6586422739.78,320.93,54.00,51.79,2.72,2.06,-99724,0.0124,0.0148,0.0200,0.43
4,27,Lorien,1406224,290821428.06,206.81,52.18,67.81,17.85,11.34,-8509,0.0222,0.0164,0.0244,0.15
4,28,Glimmerhold,877482,206824463.49,235.70,34.99,67.65,17.94,26.73,-7471,0.0139,0.0250,0.0193,0.04
4,29,Freeport,126702209,37785550548.24,298.22,70.61,31.01,8.62,11.31,-886714,0.0210,0.0081,0.0139,0.38
4,30,Lunar Isle,26451308,2938304493.56,111.08,10.41,66.34,78.70,29.01,-873555,0.0026,0.0271,0.0204,0.13
4,31,Silverleaf,85779045,28271558078.29,329.59,82.03,72.54,5.96,23.41,-248942,0.0358,0.0090,0.0262,0.28
4,32,El Dorado,1287441,227986524.84,177.09,0.00,19.60,90.17,28.18,-39404,0.0000,0.0200,0.0248,0.11
4,33,Skara Brae,4328067,1628335314.81,376.23,43.12,25.02,21.00,19.46,-37266,0.0090,0.0236,0.0291,0.23
4,34,Yonderland,109960346,23201133311.93,211.00,25.50,37.71,2.75,21.75,-765055,0.0086,0.0232,0.0270,1.56
4,35,Krynn,99235618,41938337585.21,422.61,70.91,80.69,14.52,23.98,-344859,0.0210,0.0347,0.0302,0.18
4,36,Thunder Bay,735145,210296160.32,286.06,24.24,43.13,55.95,18.59,-10809,0.0096,0.0256,0.0286,0.24
4,37,Xenon,146889660,36620022657.53,249.30,93.66,79.07,0.70,26.15,-307563,0.0348,0.0188,0.0385,0.59
4,38,Verdant Plains,429901998,94712525192.68,220.31,48.74,24.54,92.82,9.92,-7753801,0.0145,0.0178,0.0150,1.67
4,39,Yggdrasil's Root,1374335,289194074.58,210.42,25.44,22.42,16.78,12.59,-17125,0.0065,0.0081,0.0289,0.03
4,40,Dunland,3913060,1435419809.66,366.83,26.96,77.77,48.93,25.75,-39420,0.0088,0.0259,0.0185,0.24
4,41,Karn,2069366,700296451.63,338.41,14.14,62.48,90.03,25.40,-41724,0.0040,0.0290,0.0294,0.07
4,42,Meridia,671742,227078132.42,338.04,24.87,26.34,90.15,9.95,-15458,0.0114,0.0150,0.0317,0.04
4,43,Kingdom of Light,111037093,9076261778.42,81.74,19.65,68.54,71.15,27.38,-2473707,0.0066,0.0193,0.0292,0.12
4,44,Xylos,3292066,613215104.98,186.27,48.99,50.75,28.09,7.20,-29508,0.0237,0.0136,0.0116,0.07
4,45,Northwind,14982208,3711463327.52,247.72,39.43,64.82,89.90,24.17,-390880,0.0154,0.0255,0.0195,0.09
4,46,Olympus,78492886,35503067311.13,452.31,74.79,63.69,24.69,20.07,-442708,0.0197,0.0101,0.0139,1.67
4,47,Stormhold,3360798,685072521.64,203.84,7.17,43.82,27.03,22.27,-36350,0.0021,0.0100,0.0246,0.07
4,48,Arboria,2631134,368681336.09,140.12,36.10,64.69,25.97,17.19,-21651,0.0137,0.0242,0.0280,0.03
4,49,Fjordland,2135268,453044160.16,212.17,18.22,65.33,49.84,12.57,-41061,0.0049,0.0265,0.0175,0.11
5,0,Narnia,2112249,292287384.83,138.38,41.66,49.60,24.82,8.93,-21246,0.0178,0.0171,0.0441,0.03
5,1,Quartz Valley,4076567,1394814217.40,342.15,39.54,35.23,89.20,3.15,-71895,0.0087,0.0287,0.0116,0.05
5,2,Praetoria,19633907,2832532213.49,144.27,39.65,39.66,19.19,23.33,-127992,0.0111,0.0204,0.0509,0.24
5,3,Jadestone,499863463,241619426346.67,483.37,100.00,59.35,2.47,10.65,-1974874,0.0415,0.0102,0.0231,0.79
5,4,Underdark,4196017,393233734.24,93.72,10.58,32.08,89.85,26.00,-90236,0.0022,0.0299,0.0304,0.02
5,5,Gondolin,84994201,31103885653.50,365.95,60.74,81.12,22.36,11.52,-330308,0.0127,0.0192,0.0358,0.19
5,6,Borealis,61050214,10654199579.78,174.52,30.01,60.03,84.41,7.90,-564892,0.0098,0.0162,0.0282,0.14
5,7,Valhalla,87573406,9100560984.93,103.92,41.95,32.29,14.46,20.92,-855504,0.0122,0.0243,0.0181,0.67
5,8,Midgard,42190329,2798288600.41,66.33,3.47,48.49,76.50,27.23,-1166094,0.0016,0.0172,0.0305,0.20
5,9,Zul'Gurub,482317,125720008.16,260.66,0.00,23.17,27.29,23.46,-9684,0.0000,0.0189,0.0301,0.03
5,10,Blackrock,35316708,10117141581.28,286.47,16.73,35.11,72.34,20.04,-875969,0.0038,0.0305,0.0263,0.07
5,11,Ys,26996468,10733359365.32,397.58,34.17,58.51,88.98,8.40,-359240,0.0150,0.0175,0.0337,0.42
5,12,Kestrel,3320254,898248776.50,270.54,29.61,74.20,15.69,11.47,-12713,0.0070,0.0186,0.0172,0.05
5,13,Phoenix Rise,47042929,23379275085.87,496.98,57.03,31.05,11.31,7.22,-341053,0.0243,0.0206,0.0252,0.57
5,14,Pandora,3740814,1378550123.47,368.52,0.00,55.13,81.71,18.16,-31250,0.0000,0.0280,0.0272,0.04
5,15,Oz,27520253,6621805608.62,240.62,29.43,26.74,93.26,4.88,-688202,0.0091,0.0213,0.0319,0.10
5,16,Abyssinia,1322890,343240294.05,259.46,5.67,36.93,13.18,12.84,-14893,0.0021,0.0296,0.0303,0.09
5,17,Etherea,415376,42063416.33,101.27,0.00,19.40,93.94,18.16,-17809,0.0000,0.0262,0.0210,0.03
5,18,Hearthfire,82763958,26869170732.32,324.65,40.21,37.34,24.87,10.78,-790235,0.0096,0.0127,0.0211,0.76
5,19,Emberfall,153053224,36265535913.31,236.95,0.00,23.42,66.33,28.97,-6171790,0.0000,0.0330,0.0176,0.44
5,20,Quartermaster,11319232,2266545648.84,200.24,36.13,53.98,21.09,7.60,-89121,0.0142,0.0260,0.0206,0.43
5,21,Icelandia,1854193,276756068.17,149.26,7.99,61.97,8.26,24.33,-8968,0.0030,0.0244,0.0221,0.10
5,22,Utopia,2311942,747100929.15,323.15,26.34,78.44,24.98,12.78,-17846,0.0098,0.0146,0.0235,0.16
5,23,Aurum,36450226,8308638288.57,227.94,0.00,55.37,77.33,25.46,-1427767,0.0000,0.0279,0.0246,0.47
5,24,Highlands,730112,76859517.96,105.27,17.20,30.99,35.05,11.15,-6937,0.0039,0.0248,0.0166,0.09
5,25,Ironhold,672508,132184329.08,196.55,42.93,79.72,26.31,7.42,-2892,0.0096,0.0337,0.0371,0.10
5,26,Valoria,20555280,6752577075.06,328.51,52.02,52.53,2.69,2.23,-103292,0.0123,0.0146,0.0113,0.42
5,27,Lorien,1411567,287103351.10,203.39,45.49,68.17,17.54,12.14,-8627,0.0190,0.0234,0.0142,0.15
5,28,Glimmerhold,866520,199479745.78,230.21,27.12,67.84,17.64,27.78,-3645,0.0055,0.0249,0.0152,0.04
5,29,Freeport,129836196,39819269483.02,306.69,76.41,31.38,8.55,10.70,-950597,0.0337,0.0087,0.0134,0.36
5,30,Lunar Isle,25031193,2728040464.96,108.99,2.22,66.25,77.40,29.96,-944030,0.0008,0.0282,0.0291,0.12
5,31,Silverleaf,88568346,32862572698.63,371.04,99.61,73.43,5.85,22.58,-232852,0.0353,0.0178,0.0339,0.27
5,32,El Dorado,1215360,208872718.98,171.86,0.00,19.38,89.73,29.04,-55157,0.0000,0.0171,0.0180,0.11
5,33,Skara Brae,4269505,1600434771.62,374.85,36.61,25.41,20.86,19.84,-35996,0.0082,0.0142,0.0265,0.22
5,34,Yonderland,109262134,23822970516.83,218.04,26.19,37.93,2.72,22.67,-701516,0.0080,0.0310,0.0197,1.52
5,35,Krynn,102110329,51404981060.75,503.43,90.29,81.55,14.22,23.71,-229886,0.0314,0.0099,0.0168,0.17
5,36,Thunder Bay,722737,200354799.08,277.22,14.53,43.10,55.34,20.00,-6373,0.0062,0.0342,0.0167,0.23
5,37,Xenon,153571389,46137838010.70,300.43,100.00,79.72,0.69,25.48,-300564,0.0476,0.0229,0.0332,0.58
5,38,Verdant Plains,427687185,92469340542.77,216.21,41.45,23.95,92.27,10.26,-3586025,0.0122,0.0310,0.0317,1.60
5,39,Yggdrasil's Root,1363626,275651506.76,202.15,16.93,22.46,16.68,14.02,-13312,0.0073,0.0124,0.0234,0.03
5,40,Dunland,3859421,1391415164.13,360.52,19.04,77.74,47.98,26.77,-11717,0.0049,0.0307,0.0334,0.23
5,41,Karn,2022631,650190013.41,321.46,3.06,62.25,88.62,26.43,-11451,0.0012,0.0194,0.0308,0.07
5,42,Meridia,645657,213315772.84,330.39,16.95,25.93,89.57,10.68,-20745,0.0045,0.0160,0.0313,0.03
5,43,Kingdom of Light,109218357,8640745116.82,79.11,13.83,68.51,69.93,28.31,-1134916,0.0060,0.0226,0.0250,0.12
5,44,Xylos,3309101,603530601.63,182.39,42.26,51.06,27.74,7.74,-20133,0.0187,0.0328,0.0121,0.07
5,45,Northwind,14813158,3544800076.69,239.30,30.32,64.48,88.45,24.90,-148991,0.0128,0.0116,0.0158,0.09
5,46,Olympus,80847309,39344345948.61,486.65,89.70,64.42,24.29,19.57,-290232,0.0340,0.0209,0.0222,1.60
5,47,Stormhold,3315833,641345416.62,193.42,0.00,43.73,26.73,23.68,-19410,0.0000,0.0177,0.0221,0.07
5,48,Arboria,2592962,358707295.09,138.34,27.85,64.67,25.55,17.43,-25639,0.0108,0.0127,0.0194,0.03
5,49,Fjordland,2094020,428269114.00,204.52,11.56,65.58,49.02,13.95,-13368,0.0051,0.0230,0.0346,0.11
6,0,Narnia,2095249,283791333.07,135.45,33.74,49.69,24.51,9.30,-22044,0.0160,0.0299,0.0318,0.03
6,1,Quartz Valley,3997137,1327320026.15,332.07,31.54,34.87,88.43,3.86,-51570,0.0080,0.0177,0.0150,0.05
6,2,Praetoria,19440117,2767490715.50,142.36,33.55,40.22,19.00,23.69,-195438,0.0136,0.0204,0.0349,0.23
6,3,Jadestone,521270952,301168649070.30,577.76,100.00,60.33,2.44,10.16,-2001365,0.0469,0.0182,0.0267,0.75
6,4,Underdark,3937724,360097901.66,91.45,0.33,31.52,89.14,27.54,-156443,0.0001,0.0270,0.0231,0.02
6,5,Gondolin,87109392,36514337856.80,419.18,73.89,81.63,21.90,11.81,-252899,0.0296,0.0200,0.0344,0.18
6,6,Borealis,59295242,10260367636.25,173.04,20.07,59.43,83.15,8.18,-1423519,0.0059,0.0104,0.0305,0.14
6,7,Valhalla,87096074,9154150708.13,105.10,37.76,32.69,14.34,21.19,-682965,0.0148,0.0104,0.0107,0.65
6,8,Midgard,41187892,2490509466.16,60.47,0.00,47.99,75.58,28.00,-441617,0.0000,0.0166,0.0359,0.19
6,9,Zul'Gurub,471153,117124534.63,248.59,0.00,23.62,27.13,24.65,-5676,0.0000,0.0199,0.0179,0.03
6,10,Blackrock,34092831,9526208210.01,279.42,8.53,34.73,71.71,21.21,-763266,0.0021,0.0148,0.0156,0.07
6,11,Ys,26534620,10397286979.41,391.84,27.31,58.40,87.68,9.32,-355240,0.0057,0.0292,0.0275,0.41
6,12,Kestrel,3301873,869125512.39,263.22,21.84,74.26,15.40,12.29,-10902,0.0099,0.0099,0.0304,0.04
6,13,Phoenix Rise,47710614,24890458061.23,521.70,58.02,31.44,11.22,7.60,-374429,0.0287,0.0183,0.0120,0.55
6,14,Pandora,3611282,1327050470.40,367.47,0.00,54.66,80.60,20.05,-67050,0.0000,0.0255,0.0120,0.03
6,15,Oz,26866665,6270713954.99,233.40,22.02,26.57,92.64,5.52,-434199,0.0054,0.0237,0.0252,0.09
6,16,Abyssinia,1283905,321348123.94,250.29,0.00,37.49,13.05,14.64,-9086,0.0000,0.0178,0.0313,0.09
6,17,Etherea,399084,39980611.17,100.18,0.00,18.79,93.50,19.74,-8891,0.0000,0.0276,0.0201,0.03
6,18,Hearthfire,82557769,27210554939.34,329.59,39.18,37.92,24.64,11.72,-787748,0.0128,0.0199,0.0338,0.73
6,19,Emberfall,145439498,34486566513.95,237.12,0.00,23.16,65.95,30.39,-4770989,0.0000,0.0088,0.0184,0.43
6,20,Quartermaster,11182810,2250654948.63,201.26,31.09,54.15,20.80,7.68,-68080,0.0097,0.0195,0.0215,0.42
6,21,Icelandia,1805974,264771278.23,146.61,0.90,62.42,8.13,25.70,-13753,0.0003,0.0298,0.0223,0.09
6,22,Utopia,2301789,721305168.23,313.37,20.50,78.94,24.48,14.02,-9417,0.0092,0.0182,0.0129,0.16
6,23,Aurum,35350400,7763104534.81,219.60,0.00,55.22,76.26,26.96,-474218,0.0000,0.0161,0.0257,0.46
6,24,Highlands,710757,72755663.11,102.36,9.02,30.92,34.78,12.35,-9252,0.0042,0.0091,0.0153,0.09
6,25,Ironhold,658732,128422539.71,194.95,36.23,80.20,25.78,8.19,-3556,0.0073,0.0217,0.0322,0.09
6,26,Valoria,20645993,7000154202.27,339.06,50.21,53.29,2.65,2.55,-103375,0.0149,0.0182,0.0260,0.40
6,27,Lorien,1410959,282546803.16,200.25,38.75,68.52,17.24,12.87,-6692,0.0180,0.0332,0.0192,0.15
6,28,Glimmerhold,852363,192171240.32,225.46,19.20,68.03,17.34,29.18,-6147,0.0040,0.0190,0.0167,0.04
6,29,Freeport,132301957,44573850191.15,336.91,82.15,31.79,8.48,10.76,-942599,0.0277,0.0108,0.0277,0.35
6,30,Lunar Isle,24318140,2494767828.49,102.59,0.00,66.17,76.12,31.63,-199568,0.0000,0.0154,0.0336,0.12
6,31,Silverleaf,91993787,37900485043.20,411.99,100.00,74.38,5.74,22.47,-231385,0.0414,0.0184,0.0328,0.26
6,32,El Dorado,1145177,195860294.43,171.03,0.00,19.16,89.30,30.82,-56299,0.0000,0.0321,0.0131,0.10
6,33,Skara Brae,4220976,1558419490.24,369.21,30.05,25.80,20.73,20.71,-43758,0.0075,0.0342,0.0202,0.22
6,34,Yonderland,108246910,24102887696.35,222.67,27.23,38.16,2.70,23.14,-730406,0.0078,0.0096,0.0104,1.47
6,35,Krynn,104888111,61016374612.54,581.73,100.00,82.41,13.93,22.81,-179253,0.0291,0.0325,0.0277,0.17
6,36,Thunder Bay,701535,189291812.72,269.83,4.74,43.07,54.75,21.34,-7940,0.0022,0.0194,0.0143,0.23
6,37,Xenon,159028788,54771381199.03,344.41,100.00,80.37,0.67,24.44,-300642,0.0376,0.0155,0.0292,0.56
6,38,Verdant Plains,421764482,90903425011.76,215.53,34.48,23.37,91.73,11.08,-5748338,0.0144,0.0227,0.0227,1.53
6,39,Yggdrasil's Root,1339762,263782669.56,196.89,8.29,22.50,16.59,15.29,-14361,0.0020,0.0233,0.0310,0.03
6,40,Dunland,3765402,1338105502.68,355.37,11.10,77.71,47.05,27.85,-31520,0.0027,0.0164,0.0156,0.22
6,41,Karn,1908208,614680827.60,322.12,0.00,62.04,87.25,28.08,-87561,0.0000,0.0143,0.0185,0.07
6,42,Meridia,624426,198978653.66,318.66,8.98,25.52,89.00,11.92,-14812,0.0030,0.0188,0.0208,0.03
6,43,Kingdom of Light,105582196,8343415980.11,79.02,7.96,68.49,68.73,28.82,-2604457,0.0039,0.0252,0.0268,0.11
6,44,Xylos,3270078,597456810.17,182.70,35.51,51.38,27.38,7.95,-16151,0.0116,0.0257,0.0117,0.07
6,45,Northwind,14682762,3389456094.60,230.85,21.22,64.15,87.03,25.46,-173235,0.0103,0.0167,0.0159,0.08
6,46,Olympus,83068331,46140947214.17,555.46,100.00,65.18,23.90,18.88,-275103,0.0310,0.0273,0.0185,1.53
6,47,Stormhold,3250321,610920641.66,187.96,0.00,43.64,26.44,25.39,-23627,0.0000,0.0188,0.0285,0.06
6,48,Arboria,2560793,346383573.55,135.26,19.60,64.66,25.14,18.42,-19501,0.0045,0.0270,0.0138,0.02
6,49,Fjordland,2055478,407223627.14,198.12,4.81,65.84,48.22,15.05,-7443,0.0014,0.0217,0.0200,0.10
7,0,Narnia,2057414,272897320.84,132.64,25.77,49.78,24.20,9.74,-16371,0.0118,0.0129,0.0344,0.02
7,1,Quartz Valley,3900391,1273598108.67,326.53,23.53,34.52,87.66,4.78,-74984,0.0049,0.0249,0.0293,0.05
7,2,Praetoria,19150762,2702246949.41,141.10,27.36,40.78,18.80,24.22,-193773,0.0087,0.0288,0.0391,0.22
7,3,Jadestone,541524784,376406655022.85,695.09,100.00,61.31,2.40,9.13,-1984652,0.0428,0.0191,0.0225,0.71
7,4,Underdark,3812471,317083481.80,83.17,0.00,30.96,88.45,28.55,-37458,0.0000,0.0257,0.0378,0.02
7,5,Gondolin,89027323,42207161666.89,474.09,89.51,82.26,21.45,11.05,-175198,0.0245,0.0139,0.0379,0.18
7,6,Borealis,57925531,9626696463.60,166.19,10.18,58.83,81.93,8.72,-1119281,0.0035,0.0118,0.0209,0.13
7,7,Valhalla,86398605,9124969684.00,105.61,33.46,33.11,14.22,22.13,-911694,0.0089,0.0336,0.0276,0.64
7,8,Midgard,39297799,2380069561.86,60.56,0.00,47.50,74.68,29.60,-1327033,0.0000,0.0264,0.0194,0.18
7,9,Zul'Gurub,460259,113341713.54,246.26,0.00,24.09,26.97,25.64,-5139,0.0000,0.0190,0.0296,0.03
7,10,Blackrock,33559125,9042569013.61,269.45,0.21,34.36,71.09,22.55,-276565,0.0001,0.0116,0.0297,0.07
7,11,Ys,25572740,10071903978.16,393.85,20.46,58.29,86.40,10.47,-641293,0.0042,0.0149,0.0196,0.39
7,12,Kestrel,3266703,847071511.08,259.30,14.01,74.32,15.11,13.69,-23759,0.0037,0.0149,0.0134,0.04
7,13,Phoenix Rise,47813632,26644317332.48,557.25,59.88,31.88,11.13,7.62,-384302,0.0156,0.0207,0.0120,0.54
7,14,Pandora,3502861,1256067522.68,358.58,0.00,54.21,79.50,21.63,-53425,0.0000,0.0305,0.0263,0.03
7,15,Oz,26065754,5988847905.79,229.76,14.59,26.40,92.03,6.15,-470853,0.0032,0.0217,0.0232,0.09
7,16,Abyssinia,1255314,303074284.82,241.43,0.00,38.05,12.93,15.59,-11536,0.0000,0.0242,0.0340,0.08
7,17,Etherea,373739,37893192.03,101.39,0.00,18.19,93.07,20.51,-18290,0.0000,0.0305,0.0164,0.03
7,18,Hearthfire,81627572,27700348296.45,339.35,38.49,38.51,24.40,12.67,-905784,0.0081,0.0243,0.0288,0.71
7,19,Emberfall,142405570,32620470706.50,229.07,0.00,22.92,65.57,32.15,-2208620,0.0000,0.0241,0.0204,0.42
7,20,Quartermaster,11075515,2217324701.60,200.20,26.07,54.33,20.52,8.24,-81345,0.0099,0.0132,0.0277,0.40
7,21,Icelandia,1754004,249314890.09,142.14,0.00,62.86,8.00,26.73,-10434,0.0000,0.0101,0.0281,0.09
7,22,Utopia,2280279,702665090.71,308.15,14.57,79.44,24.00,15.49,-11462,0.0061,0.0241,0.0236,0.15
7,23,Aurum,34095484,7479661522.97,219.37,0.00,55.08,75.21,28.79,-872184,0.0000,0.0104,0.0240,0.45
7,24,Highlands,692735,67940188.97,98.08,0.74,30.86,34.51,13.94,-12851,0.0004,0.0222,0.0316,0.08
7,25,Ironhold,651049,121996626.30,187.38,29.46,80.67,25.26,9.29,-3001,0.0090,0.0118,0.0468,0.09
7,26,Valoria,20906429,7188153661.00,343.83,50.53,54.06,2.62,2.55,-98763,0.0243,0.0299,0.0175,0.38
7,27,Lorien,1391861,276505980.50,198.66,31.98,68.88,16.95,13.99,-8245,0.0113,0.0180,0.0291,0.14
7,28,Glimmerhold,839306,181986357.47,216.83,11.18,68.22,17.04,30.78,-7681,0.0054,0.0309,0.0206,0.04
7,29,Freeport,136116832,48282814631.86,354.72,89.37,32.23,8.42,10.62,-915460,0.0372,0.0208,0.0203,0.33
7,30,Lunar Isle,23381478,2362225070.29,101.03,0.00,66.10,74.86,33.11,-656309,0.0000,0.0260,0.0300,0.11
7,31,Silverleaf,94068063,43899000016.64,466.67,100.00,75.33,5.64,21.68,-228756,0.0251,0.0248,0.0205,0.25
7,32,El Dorado,1079067,181129468.90,167.86,0.00,18.96,88.88,32.47,-41994,0.0000,0.0243,0.0205,0.10
7,33,Skara Brae,4148960,1516447039.78,365.50,23.39,26.20,20.59,21.91,-32927,0.0108,0.0186,0.0229,0.21
7,34,Yonderland,108334244,25450843718.29,234.93,28.74,38.43,2.67,24.11,-722176,0.0111,0.0289,0.0284,1.42
7,35,Krynn,107499247,64443438364.00,599.48,100.00,83.28,13.64,22.18,-164969,0.0266,0.0104,0.0142,0.16
7,36,Thunder Bay,676277,176585802.64,261.11,0.00,43.05,54.16,22.77,-16814,0.0000,0.0094,0.0278,0.23
7,37,Xenon,161977137,60240991188.42,371.91,100.00,81.11,0.66,24.30,-305437,0.0206,0.0101,0.0337,0.55
7,38,Verdant Plains,415704564,89708929309.08,215.80,27.57,22.79,91.21,12.31,-5522957,0.0100,0.0216,0.0288,1.45
7,39,Yggdrasil's Root,1307672,249128726.12,190.51,0.00,22.54,16.50,16.16,-12399,0.0000,0.0111,0.0197,0.03
7,40,Dunland,3712565,1272540109.62,342.77,3.10,77.68,46.13,29.72,-14869,0.0014,0.0133,0.0239,0.21
7,41,Karn,1859735,566619358.33,304.68,0.00,61.84,85.90,29.22,-30045,0.0000,0.0181,0.0217,0.06
7,42,Meridia,607727,186620357.46,307.08,0.93,25.12,88.44,12.98,-7401,0.0004,0.0118,0.0258,0.03
7,43,Kingdom of Light,101570913,7954935889.28,78.32,2.10,68.49,67.55,29.69,-2441873,0.0008,0.0240,0.0189,0.10
7,44,Xylos,3228240,581540773.22,180.14,28.76,51.69,27.03,8.89,-18142,0.0081,0.0273,0.0262,0.06
7,45,Northwind,14491993,3260270886.70,224.97,12.13,63.83,85.64,26.45,-79033,0.0036,0.0202,0.0194,0.08
7,46,Olympus,86784196,51276437431.35,590.85,100.00,65.95,23.50,18.18,-273096,0.0481,0.0284,0.0188,1.45
7,47,Stormhold,3174103,587024234.46,184.94,0.00,43.55,26.15,26.59,-33132,0.0000,0.0212,0.0142,0.06
7,48,Arboria,2505368,330442519.08,131.89,11.28,64.64,24.73,19.33,-14959,0.0024,0.0334,0.0206,0.02
7,49,Fjordland,1989305,386584538.34,194.33,0.00,66.10,47.42,16.31,-35384,0.0000,0.0103,0.0177,0.10
8,0,Narnia,2030617,259792653.86,127.94,17.75,49.87,23.90,10.32,-16217,0.0063,0.0218,0.0332,0.02
8,1,Quartz Valley,3787826,1213211621.20,320.29,15.48,34.17,86.91,6.19,-78965,0.0057,0.0129,0.0254,0.05
8,2,Praetoria,18739096,2598405368.13,138.66,21.14,41.34,18.61,24.67,-129991,0.0054,0.0150,0.0501,0.22
8,3,Jadestone,557385618,392677619424.68,704.50,100.00,62.29,2.36,8.90,-1968666,0.0330,0.0139,0.0355,0.67
8,4,Underdark,3683743,304958136.51,82.78,0.00,30.42,87.78,29.21,-48505,0.0000,0.0092,0.0365,0.02
8,5,Gondolin,91442673,52371205331.76,572.72,100.00,83.05,21.01,10.22,-149664,0.0289,0.0197,0.0301,0.17
8,6,Borealis,57116000,9070960980.51,158.82,0.30,58.25,80.74,9.52,-285906,0.0001,0.0340,0.0283,0.13
8,7,Valhalla,84863957,8911265868.04,105.01,29.09,33.52,14.10,23.09,-633433,0.0072,0.0120,0.0242,0.62
8,8,Midgard,38096983,2249754247.67,59.05,0.00,47.02,73.80,30.33,-386225,0.0000,0.0298,0.0256,0.17
8,9,Zul'Gurub,446379,110127655.45,246.71,0.00,24.56,26.80,26.89,-8620,0.0000,0.0176,0.0186,0.02
8,10,Blackrock,32636975,8639102198.51,264.70,0.00,34.01,70.49,23.90,-700494,0.0000,0.0295,0.0215,0.06
8,11,Ys,25130224,9487718341.16,377.54,13.63,58.21,85.14,11.51,-336795,0.0042,0.0231,0.0167,0.38
8,12,Kestrel,3214332,811860815.08,252.58,6.08,74.38,14.83,14.38,-24051,0.0021,0.0277,0.0193,0.04
8,13,Phoenix Rise,47833884,27650602284.12,578.05,62.58,32.38,11.04,7.86,-362832,0.0141,0.0150,0.0260,0.53
8,14,Pandora,3423172,1207495751.41,352.74,0.00,53.77,78.43,22.87,-18700,0.0000,0.0302,0.0139,0.03
8,15,Oz,24994624,5701143711.52,228.09,7.14,26.23,91.43,6.78,-749690,0.0030,0.0312,0.0209,0.09
8,16,Abyssinia,1224112,294018072.00,240.19,0.00,38.62,12.81,16.41,-8181,0.0000,0.0248,0.0403,0.08
8,17,Etherea,353608,35299619.58,99.83,0.00,17.59,92.66,22.21,-12941,0.0000,0.0252,0.0142,0.03
8,18,Hearthfire,80761254,27940396442.76,345.96,38.00,39.12,24.16,13.78,-754475,0.0078,0.0222,0.0195,0.68
8,19,Emberfall,135922680,31910246702.62,234.77,0.00,22.69,65.20,33.42,-4539487,0.0000,0.0104,0.0290,0.41
8,20,Quartermaster,10990183,2169227210.58,197.38,20.99,54.51,20.24,9.13,-61256,0.0063,0.0200,0.0159,0.39
8,21,Icelandia,1728271,238490869.48,137.99,0.00,63.32,7.88,27.64,-9555,0.0000,0.0259,0.0361,0.09
8,22,Utopia,2228129,679505276.62,304.97,8.53,79.95,23.52,16.72,-24021,0.0023,0.0226,0.0153,0.14
8,23,Aurum,32733920,7049791454.55,215.37,0.00,54.95,74.18,30.48,-1090559,0.0000,0.0261,0.0293,0.43
8,24,Highlands,674355,63260241.84,93.81,0.00,30.80,34.25,14.85,-7192,0.0000,0.0175,0.0293,0.08
8,25,Ironhold,646407,116862691.97,180.79,22.59,81.15,24.75,9.82,-2588,0.0062,0.0238,0.0336,0.09
8,26,Valoria,21043280,7504310147.89,356.61,51.21,54.86,2.58,3.08,-95807,0.0215,0.0120,0.0163,0.36
8,27,Lorien,1377799,266150373.27,193.17,25.13,69.24,16.65,14.27,-10084,0.0076,0.0125,0.0287,0.14
8,28,Glimmerhold,817011,172454020.16,211.08,3.06,68.41,16.75,31.82,-8731,0.0010,0.0146,0.0182,0.04
8,29,Freeport,138634590,53488948918.07,385.83,98.94,32.72,8.35,9.61,-919668,0.0270,0.0203,0.0211,0.31
8,30,Lunar Isle,22180663,2244224703.62,101.18,0.00,66.05,73.62,34.34,-759871,0.0000,0.0090,0.0180,0.10
8,31,Silverleaf,95706449,46580035639.02,486.70,100.00,76.28,5.53,20.93,-217395,0.0198,0.0317,0.0209,0.24
8,32,El Dorado,1039793,167458431.77,161.05,0.00,18.76,88.46,33.82,-23153,0.0000,0.0130,0.0151,0.09
8,33,Skara Brae,4093016,1453956330.91,355.23,16.63,26.60,20.46,23.32,-35377,0.0061,0.0131,0.0304,0.20
8,34,Yonderland,107555905,25996530732.40,241.70,30.23,38.77,2.65,25.11,-732352,0.0090,0.0269,0.0172,1.37
8,35,Krynn,110479051,66652949976.24,603.31,100.00,84.15,13.35,21.64,-159156,0.0293,0.0292,0.0187,0.15
8,36,Thunder Bay,663743,165655141.53,249.58,0.00,43.04,53.58,23.92,-8307,0.0000,0.0152,0.0147,0.22
8,37,Xenon,168556621,71475994779.91,424.05,100.00,81.92,0.65,24.11,-298818,0.0426,0.0261,0.0411,0.54
8,38,Verdant Plains,408557053,87954464758.45,215.28,20.75,22.22,90.70,13.62,-6065300,0.0083,0.0171,0.0230,1.38
8,39,Yggdrasil's Root,1281175,235614732.47,183.91,0.00,22.57,16.40,17.64,-16395,0.0000,0.0290,0.0299,0.03
8,40,Dunland,3641504,1205714792.21,331.10,0.00,77.67,45.24,30.69,-35932,0.0000,0.0090,0.0315,0.20
8,41,Karn,1803161,546639392.14,303.16,0.00,61.66,84.58,30.97,-33860,0.0000,0.0145,0.0233,0.06
8,42,Meridia,591667,175670532.70,296.91,0.00,24.72,87.89,14.32,-10022,0.0000,0.0291,0.0268,0.03
8,43,Kingdom of Light,99113410,7470713308.17,75.38,0.00,68.51,66.40,30.67,-893559,0.0000,0.0121,0.0258,0.10
8,44,Xylos,3176371,558244780.89,175.75,21.94,52.01,26.67,9.41,-15745,0.0051,0.0315,0.0270,0.06
8,45,Northwind,14188758,3107554937.35,219.02,3.01,63.52,84.28,27.66,-122753,0.0008,0.0273,0.0192,0.08
8,46,Olympus,88679340,54709848796.88,616.94,100.00,66.72,23.11,17.47,-278604,0.0251,0.0313,0.0258,1.38
8,47,Stormhold,3110492,567163124.96,182.34,0.00,43.47,25.87,27.56,-18485,0.0000,0.0187,0.0230,0.06
8,48,Arboria,2425218,313553580.51,129.29,2.89,64.63,24.33,20.16,-24175,0.0011,0.0144,0.0296,0.02
8,49,Fjordland,1940770,365471490.44,188.31,0.00,66.38,46.63,17.45,-31391,0.0000,0.0234,0.0182,0.09
9,0,Narnia,1986401,246968680.98,124.33,9.67,49.96,23.60,11.42,-15283,0.0042,0.0290,0.0281,0.02
9,1,Quartz Valley,3674489,1139290708.45,310.05,7.35,33.83,86.18,7.20,-92694,0.0025,0.0158,0.0126,0.05
9,2,Praetoria,18423000,2478083600.88,134.51,14.83,41.90,18.41,25.42,-176778,0.0033,0.0291,0.0464,0.21
9,3,Jadestone,581944991,408330915981.04,701.67,100.00,63.28,2.32,8.49,-1990433,0.0477,0.0294,0.0382,0.63
9,4,Underdark,3539838,294319152.90,83.14,0.00,29.87,87.12,30.63,-110902,0.0000,0.0118,0.0355,0.02
9,5,Gondolin,94151128,62088483735.06,659.46,100.00,83.85,20.57,9.53,-150642,0.0314,0.0130,0.0286,0.17
9,6,Borealis,54740452,8662406041.89,158.25,0.00,57.68,79.57,10.30,-984338,0.0000,0.0153,0.0309,0.12
9,7,Valhalla,83984737,8627674295.31,102.73,24.58,33.95,13.98,24.16,-801558,0.0057,0.0298,0.0233,0.61
9,8,Midgard,36355735,2182130475.71,60.02,0.00,46.54,72.95,31.50,-871860,0.0000,0.0268,0.0252,0.16
9,9,Zul'Gurub,433555,105300487.49,242.88,0.00,25.03,26.63,28.80,-8331,0.0000,0.0275,0.0206,0.02
9,10,Blackrock,31820539,8327419667.81,261.70,0.00,33.67,69.90,25.12,-315629,0.0000,0.0162,0.0295,0.06
9,11,Ys,24095950,9115390644.98,378.30,6.77,58.14,83.91,13.06,-722164,0.0020,0.0298,0.0156,0.36
9,12,Kestrel,3128788,780647349.09,249.50,0.00,74.44,14.55,15.58,-25810,0.0000,0.0267,0.0229,0.04
9,13,Phoenix Rise,48385346,30044554948.38,620.94,66.65,32.90,10.95,7.92,-375511,0.0237,0.0176,0.0313,0.51
9,14,Pandora,3343899,1170552608.36,350.06,0.00,53.34,77.39,24.48,-18248,0.0000,0.0229,0.0217,0.03
9,15,Oz,23562489,5332716309.23,226.32,0.00,26.07,90.83,7.67,-910434,0.0000,0.0287,0.0234,0.09
9,16,Abyssinia,1188856,285280687.32,239.96,0.00,39.18,12.68,18.17,-11522,0.0000,0.0103,0.0303,0.07
9,17,Etherea,334944,32862834.74,98.11,0.00,16.99,92.27,23.87,-12577,0.0000,0.0282,0.0242,0.02
9,18,Hearthfire,80546033,28942872493.69,359.33,37.93,39.77,23.92,14.62,-633581,0.0136,0.0110,0.0256,0.65
9,19,Emberfall,131809718,30707895407.10,232.97,0.00,22.47,64.83,34.53,-3236099,0.0000,0.0320,0.0277,0.40
9,20,Quartermaster,10812749,2128591292.06,196.86,15.79,54.69,19.97,9.52,-84569,0.0047,0.0166,0.0236,0.38
9,21,Icelandia,1682369,232851424.25,138.41,0.00,63.77,7.75,29.08,-10266,0.0000,0.0319,0.0368,0.09
9,22,Utopia,2188078,646215294.34,295.33,2.41,80.47,23.05,18.55,-11568,0.0007,0.0236,0.0308,0.14
9,23,Aurum,31001532,6656935370.71,214.73,0.00,54.84,73.16,31.72,-1217606,0.0000,0.0305,0.0260,0.42
9,24,Highlands,657212,60805434.26,92.52,0.00,30.74,33.98,16.15,-8684,0.0000,0.0106,0.0246,0.08
9,25,Ironhold,632672,112868613.14,178.40,15.67,81.63,24.24,10.56,-5785,0.0056,0.0248,0.0282,0.09
9,26,Valoria,21291921,7715049283.02,362.35,50.15,55.69,2.54,3.84,-93889,0.0204,0.0125,0.0114,0.35
9,27,Lorien,1366158,258245565.34,189.03,18.27,69.60,16.36,15.57,-11312,0.0081,0.0108,0.0241,0.14
9,28,Glimmerhold,804907,162204085.37,201.52,0.00,68.61,16.46,33.49,-4441,0.0000,0.0246,0.0192,0.04
9,29,Freeport,143132781,58463307704.04,408.46,100.00,33.27,8.28,9.06,-908010,0.0401,0.0098,0.0291,0.30
9,30,Lunar Isle,21446660,2110931429.04,98.43,0.00,66.01,72.41,35.41,-582739,0.0000,0.0298,0.0178,0.10
9,31,Silverleaf,98196357,50293045930.34,512.17,100.00,77.23,5.42,20.03,-225694,0.0285,0.0113,0.0270,0.22
9,32,El Dorado,1004357,158824562.81,158.14,0.00,18.56,88.05,35.30,-26024,0.0000,0.0131,0.0123,0.09
9,33,Skara Brae,4016774,1404841205.47,349.74,9.75,27.00,20.32,24.22,-52542,0.0032,0.0312,0.0243,0.19
9,34,Yonderland,107477870,26749956818.00,248.89,32.29,39.16,2.62,25.68,-697813,0.0142,0.0288,0.0185,1.33
9,35,Krynn,113191459,68894973576.32,608.66,100.00,85.03,13.07,20.83,-169873,0.0262,0.0235,0.0251,0.15
9,36,Thunder Bay,650082,161445102.49,248.35,0.00,43.04,53.00,25.58,-7188,0.0000,0.0124,0.0201,0.22
9,37,Xenon,176256864,83198055415.41,472.03,100.00,82.72,0.63,23.08,-294570,0.0475,0.0290,0.0413,0.53
9,38,Verdant Plains,393305470,85416020032.32,217.17,13.90,21.66,90.21,14.32,-14204244,0.0063,0.0165,0.0304,1.31
9,39,Yggdrasil's Root,1240881,229101075.69,184.63,0.00,22.61,16.31,19.18,-15560,0.0000,0.0167,0.0118,0.02
9,40,Dunland,3603230,1162761746.30,322.70,0.00,77.66,44.36,31.97,-13590,0.0000,0.0316,0.0341,0.19
9,41,Karn,1763742,520519934.24,295.12,0.00,61.49,83.28,32.33,-21053,0.0000,0.0311,0.0173,0.06
9,42,Meridia,561891,168470223.66,299.83,0.00,24.34,87.36,15.55,-16906,0.0000,0.0184,0.0330,0.03
9,43,Kingdom of Light,97117291,7299128348.59,75.16,0.00,68.53,65.26,32.13,-1160305,0.0000,0.0170,0.0270,0.09
9,44,Xylos,3120983,539078695.33,172.73,15.09,52.33,26.33,10.64,-15461,0.0065,0.0131,0.0192,0.06
9,45,Northwind,13862137,2944407509.60,212.41,0.00,63.23,82.95,28.81,-79498,0.0000,0.0129,0.0154,0.07
9,46,Olympus,90649551,56533882615.76,623.65,100.00,67.49,22.72,17.09,-292147,0.0256,0.0119,0.0134,1.30
9,47,Stormhold,3017980,553583767.16,183.43,0.00,43.40,25.59,28.47,-53702,0.0000,0.0154,0.0286,0.06
9,48,Arboria,2372200,292387844.83,123.26,0.00,64.62,23.94,21.59,-25453,0.0000,0.0200,0.0208,0.02
9,49,Fjordland,1883934,355367566.05,188.63,0.00,66.66,45.86,18.57,-23369,0.0000,0.0313,0.0305,0.09
10,0,Narnia,1922315,231282537.22,120.31,1.48,50.04,23.31,12.55,-16584,0.0004,0.0150,0.0277,0.02
10,1,Quartz Valley,3590941,1075969609.88,299.63,0.00,33.50,85.46,8.57,-49711,0.0000,0.0147,0.0237,0.04
10,2,Praetoria,17904411,2376448782.16,132.73,8.40,42.46,18.22,26.50,-165490,0.0018,0.0169,0.0467,0.21
10,3,Jadestone,595295678,427680349137.25,718.43,100.00,64.26,2.29,7.55,-2007284,0.0265,0.0194,0.0319,0.58
10,4,Underdark,3378046,278069963.61,82.32,0.00,29.34,86.49,31.82,-119117,0.0000,0.0143,0.0309,0.02
10,5,Gondolin,97911814,69621261542.78,711.06,100.00,84.66,20.13,8.48,-132335,0.0414,0.0284,0.0285,0.16
10,6,Borealis,53442949,8338153954.64,156.02,0.00,57.12,78.44,11.33,-665171,0.0000,0.0307,0.0241,0.12
10,7,Valhalla,82683095,8546510829.15,103.36,19.93,34.37,13.86,24.61,-672850,0.0090,0.0251,0.0119,0.59
10,8,Midgard,34904753,2071192965.02,59.34,0.00,46.08,72.11,32.80,-707236,0.0000,0.0115,0.0223,0.16
10,9,Zul'Gurub,419335,100595074.57,239.89,0.00,25.51,26.46,30.36,-7357,0.0000,0.0246,0.0109,0.02
10,10,Blackrock,31099222,8126766790.08,261.32,0.00,33.33,69.31,26.70,-423274,0.0000,0.0221,0.0141,0.06
10,11,Ys,22995540,8501125298.31,369.69,0.00,58.08,82.69,14.40,-664808,0.0000,0.0296,0.0298,0.35
10,12,Kestrel,3048923,739555958.44,242.56,0.00,74.51,14.28,17.05,-20831,0.0000,0.0320,0.0280,0.03
10,13,Phoenix Rise,48472517,31512369584.57,650.11,70.98,33.45,10.85,8.13,-358451,0.0140,0.0325,0.0169,0.50
10,14,Pandora,3175552,1128473833.17,355.36,0.00,52.93,76.36,26.03,-122635,0.0000,0.0300,0.0106,0.03
10,15,Oz,22933785,4908215791.60,214.02,0.00,25.92,90.24,9.12,-183972,0.0000,0.0277,0.0179,0.08
10,16,Abyssinia,1166341,273120397.88,234.17,0.00,39.76,12.55,19.37,-11543,0.0000,0.0102,0.0322,0.07
10,17,Etherea,320677,30687358.82,95.70,0.00,16.40,91.89,24.68,-7867,0.0000,0.0311,0.0293,0.02
10,18,Hearthfire,81042685,30787485943.37,379.89,38.27,40.47,23.68,15.54,-640945,0.0188,0.0334,0.0229,0.63
10,19,Emberfall,124358846,29704257495.48,238.86,0.00,22.26,64.47,36.03,-5086990,0.0000,0.0167,0.0324,0.39
10,20,Quartermaster,10637567,2079241030.37,195.46,10.58,54.88,19.69,10.11,-83558,0.0021,0.0151,0.0238,0.37
10,21,Icelandia,1633463,222894654.75,136.46,0.00,64.23,7.63,30.26,-7659,0.0000,0.0252,0.0230,0.08
10,22,Utopia,2149821,617213600.83,287.10,0.00,80.99,22.58,20.41,-6294,0.0000,0.0221,0.0218,0.13
10,23,Aurum,29412244,6229739653.65,211.81,0.00,54.74,72.16,33.09,-1000610,0.0000,0.0095,0.0314,0.41
10,24,Highlands,641824,58894391.36,91.76,0.00,30.68,33.72,17.00,-9734,0.0000,0.0119,0.0155,0.07
10,25,Ironhold,618009,106984808.04,173.11,8.68,82.11,23.74,12.05,-5076,0.0038,0.0295,0.0407,0.08
10,26,Valoria,21490795,7926499695.04,368.83,51.47,56.53,2.51,4.01,-98147,0.0183,0.0188,0.0300,0.33
10,27,Lorien,1349860,248752701.32,184.28,11.32,69.96,16.08,16.68,-9309,0.0028,0.0096,0.0189,0.13
10,28,Glimmerhold,784772,155011994.32,197.52,0.00,68.81,16.18,34.87,-8347,0.0000,0.0146,0.0122,0.04
10,29,Freeport,149216751,66978282113.55,448.87,100.00,33.85,8.21,8.73,-938601,0.0492,0.0142,0.0275,0.28
10,30,Lunar Isle,20429468,2022794434.91,99.01,0.00,65.98,71.21,36.24,-585987,0.0000,0.0266,0.0149,0.09
10,31,Silverleaf,100867500,54554453586.53,540.85,100.00,78.19,5.31,19.56,-216544,0.0295,0.0263,0.0292,0.21
10,32,El Dorado,946425,151158372.95,159.72,0.00,18.37,87.64,36.56,-49046,0.0000,0.0282,0.0161,0.09
10,33,Skara Brae,3900646,1350901226.10,346.33,2.78,27.41,20.18,25.33,-41996,0.0008,0.0128,0.0297,0.18
10,34,Yonderland,106926868,27901232778.84,260.94,35.22,39.56,2.59,26.70,-695846,0.0099,0.0301,0.0139,1.28
10,35,Krynn,116709591,71188869759.86,609.97,100.00,85.91,12.79,20.10,-141526,0.0324,0.0159,0.0291,0.14
10,36,Thunder Bay,640995,155732061.92,242.95,0.00,43.05,52.43,27.13,-3855,0.0000,0.0138,0.0177,0.21
10,37,Xenon,183342261,89257905714.65,486.84,100.00,83.57,0.62,22.15,-267189,0.0418,0.0186,0.0286,0.52
10,38,Verdant Plains,378098317,81449874734.68,215.42,6.98,21.10,89.73,15.51,-12115441,0.0016,0.0183,0.0300,1.24
10,39,Yggdrasil's Root,1211630,219220945.86,180.93,0.00,22.66,16.22,20.64,-15452,0.0000,0.0179,0.0160,0.02
10,40,Dunland,3469551,1136526720.79,327.57,0.00,77.68,43.50,33.77,-64609,0.0000,0.0159,0.0181,0.18
10,41,Karn,1672034,501709400.26,300.06,0.00,61.33,82.00,33.47,-56943,0.0000,0.0152,0.0295,0.05
10,42,Meridia,545721,158577696.68,290.58,0.00,23.96,86.83,16.55,-7627,0.0000,0.0283,0.0203,0.02
10,43,Kingdom of Light,95709325,7135998333.43,74.56,0.00,68.57,64.14,32.94,-332875,0.0000,0.0196,0.0117,0.09
10,44,Xylos,3080569,512720587.10,166.44,8.15,52.66,25.98,11.82,-17880,0.0022,0.0166,0.0260,0.05
10,45,Northwind,13464369,2818086579.25,209.30,0.00,62.95,81.65,30.07,-271688,0.0000,0.0225,0.0238,0.07
10,46,Olympus,93854003,57869345621.57,616.59,100.00,68.27,22.33,16.57,-291472,0.0387,0.0141,0.0189,1.23
10,47,Stormhold,2959278,533176828.12,180.17,0.00,43.34,25.31,29.78,-27782,0.0000,0.0195,0.0225,0.05
10,48,Arboria,2326007,278940608.34,119.92,0.00,64.62,23.55,22.71,-11943,0.0000,0.0198,0.0267,0.02
10,49,Fjordland,1808354,341629014.50,188.92,0.00,66.95,45.09,19.95,-33321,0.0000,0.0106,0.0230,0.08
